<?xml version="1.0" encoding="UTF-8"?><metadata>
    <idinfo>
        <citation>
            <citeinfo>
                <origin/>
                <pubdate>20100101</pubdate>
                <title>Census Block Groups - 2010</title>
                <edition>2010</edition>
                <geoform>vector digital data</geoform>
            </citeinfo>
        </citation>
        <descript>
            <abstract>The TIGER/Line Shapefiles are an extract of selected geographic and cartographic information from the Census MAF/TIGER database. The Census MAF/TIGER database represents a seamless national file with no overlaps or gaps between parts. However, each TIGER/Line Shapefile is designed to stand alone as an independent data set or the shapefiles can be combined to cover the whole nation.</abstract>
            <purpose>Census Block Groups in 2010. The TIGER/Line Shapefiles are an extract of selected geographic and cartographic information from the Census MAF/TIGER database. The Census MAF/TIGER database represents a seamless national file with no overlaps or gaps between parts. However, each TIGER/Line Shapefile is designed to stand alone as an independent data set or the shapefiles can be combined to cover the whole nation.</purpose>
        </descript>
        <status>
            <progress>Complete</progress>
            <update>As needed</update>
        </status>
        <spdom>
            <bounding>
                <westbc>-77.17014740844705</westbc>
                <eastbc>-76.89205597778336</eastbc>
                <northbc>38.9949124276355</northbc>
                <southbc>38.7864782925819</southbc>
            </bounding>
        </spdom>
        <keywords>
            <theme>
                <themekt>ISO 19115 Topic Categories</themekt>
                <themekey>boundaries</themekey>
            </theme>
            <theme>
                <themekt>None</themekt>
                <themekey>106th congressional district Code</themekey>
                <themekey>Traffic Analysis Zone Code</themekey>
                <themekey>Table</themekey>
                <themekey>American Indian/Alaska Native/Native Hawaiian Areas Census Code</themekey>
                <themekey>Topological Faces</themekey>
                <themekey>108th congressional district Code</themekey>
                <themekey>County FIPS Code</themekey>
                <themekey>Consolidated City FIPS Code</themekey>
                <themekey>5 digit ZIP Code Tabulation Area Code</themekey>
                <themekey>5-Percent Public Use Microdata Area Code</themekey>
                <themekey>Tabulation Block Number</themekey>
                <themekey>State FIPS Code</themekey>
                <themekey>New England County Metropolitan Area FIPS Code</themekey>
                <themekey>Rreservation or Off-reservation Trust Land Indicator</themekey>
                <themekey>Legislative Session Year</themekey>
                <themekey>Secondary School District Local Education Agency Code</themekey>
                <themekey>Primary Metropolitan Statistical Area FIPS Code</themekey>
                <themekey>Alaska Native Regional Corporation FIPS code</themekey>
                <themekey>Census Tract Number</themekey>
                <themekey>Tribal Subdivision Code</themekey>
                <themekey>State Legislative District Lower Chamber Code</themekey>
                <themekey>Elementary School District Local Education Agency Code</themekey>
                <themekey>Metropolitan Statistical Area/Consolidated Metropolitan Statistical Area FIPS Code</themekey>
                <themekey>County or equivalent entity</themekey>
                <themekey>County Subdivision FIPS Code</themekey>
                <themekey>Block Group</themekey>
                <themekey>Number</themekey>
                <themekey>FIPS 55 Place Code For All Places</themekey>
                <themekey>Urban Area Code</themekey>
                <themekey>Sub-minor Civil Division FIPS Code in Puerto Rico</themekey>
                <themekey>1-Percent Public Use Microdata Area Code</themekey>
                <themekey>Urban Growth Area Code</themekey>
                <themekey>Unified School District Local Education Agency Code</themekey>
                <themekey>3 digit ZIP Code Tabulation Area Code</themekey>
                <themekey>Voting District Code</themekey>
                <themekey>Land/water Flag</themekey>
                <themekey>State Legislative District Upper Chamber Code</themekey>
            </theme>
            <place>
                <placekt>INCITS.38-200x (R2004),INCITS.31-200x (R2007),INCITS.454-200x,INCITS 455-200x,INCITS 446-2008</placekt>
                <placekey>District of Columbia</placekey>
                <placekey>County or Equivalent Entity</placekey>
                <placekey>United States</placekey>
                <placekey>U.S.</placekey>
                <placekey>11001</placekey>
            </place>
        </keywords>
        <accconst>Other Constraints</accconst>
        <useconst>This work is licensed under a Creative Commons Attribution 4.0 International License.</useconst>
        <ptcontac>
            <cntinfo>
                <cntorgp>
                    <cntorg>U.S. Department of Commerce, U.S. Census Bureau, Geography Division, Geographic Products Branch</cntorg>
                </cntorgp>
                <cntaddr>
                    <addrtype>mailing</addrtype>
                    <address>4600 Silver Hill Road, Stop 7400</address>
                    <city>Washington</city>
                    <state>DC</state>
                    <postal>20233-7400</postal>
                    <country>US</country>
                </cntaddr>
                <cntvoice>301-763-1128</cntvoice>
                <cntfax>301-763-4710</cntfax>
                <cntemail>geo.tiger@census.gov</cntemail>
            </cntinfo>
        </ptcontac>
        <datacred>https://www.census.gov, https://planning.dc.gov</datacred>
        <native>Version 6.2 (Build 9200) ; Esri ArcGIS 10.5.1.7333</native>
    </idinfo>
    <dataqual>
        <attracc>
            <attraccr>Accurate against Federal Information Processing Standards (FIPS), FIPS Publication 6-4, and FIPS-55 at the 100% level for the codes and base names. The remaining attribute information has been examined but has not been fully tested for accuracy.</attraccr>
        </attracc>
        <logic>The Census Bureau performed automated tests to ensure logical consistency and limits of shapefiles. Segments making up the outer and inner boundaries of a polygon tie end-to-end to completely enclose the area. All polygons are tested for closure. The Census Bureau uses its internally developed geographic update system to enhance and modify spatial and attribute data in the Census MAF/TIGER database. Standard geographic codes, such as FIPS codes for states, counties, municipalities, county subdivisions, places, American Indian/Alaska Native/Native Hawaiian areas, and congressional districts are used when encoding spatial entities. The Census Bureau performed spatial data tests for logical consistency of the codes during the compilation of the original Census MAF/TIGER database files. Most of the codes for geographic entities except states, counties, urban areas, Core Based Statistical Areas (CBSAs), American Indian Areas (AIAs), and congressional districts were provided to the Census Bureau by the USGS, the agency responsible for maintaining FIPS 55. Feature attribute information has been examined but has not been fully tested for consistency. For the TIGER/Line Shapefiles, the Point and Vector Object Count for the G-polygon SDTS Point and Vector Object Type reflects the number of records in the shapefile attribute table. For multi-polygon features, only one attribute record exists for each multi-polygon rather than one attribute record per individual G-polygon component of the multi-polygon feature. TIGER/Line Shapefile multi-polygons are an exception to the G-polygon object type classification. Therefore, when multi-polygons exist in a shapefile, the object count will be less than the actual number of G-polygons.</logic>
        <complete>Data completeness of the TIGER/Line Shapefiles reflects the contents of the Census MAF/TIGER database at the time the TIGER/Line Shapefiles were created.</complete>
        <lineage>
            <srcinfo>
                <srccite>
                    <citeinfo>
                        <title>Census MAF/TIGER database</title>
                    </citeinfo>
                </srccite>
                <typesrc>onLine</typesrc>
                <srctime>
                    <timeinfo>
                        <rngdates>
                            <begdate>20100101</begdate>
                            <enddate>20100701</enddate>
                        </rngdates>
                    </timeinfo>
                    <srccurr>publication date</srccurr>
                </srctime>
                <srccitea>Census MAF/TIGER database</srccitea>
                <srccontr>The selected geographic and cartographic information (line segments) are derived from the U.S. Census Bureau's Master Address File Topologically Integrated Geographic Encoding and Referencing (MAF/TIGER) database.</srccontr>
            </srcinfo>
            <procstep>
                <procdesc>TIGER/Line Shapefiles are extracted from the Census MAF/TIGER database by nation, state, county, and entity. Census MAF/TIGER data for all of the aforementioned geographic entities are then distributed among the shapefiles each containing attributes for line, polygon, or landmark geographic data.</procdesc>
                <procdate>20100101</procdate>
            </procstep>
        </lineage>
    </dataqual>
    <spdoinfo>
        <indspref>Federal Information Processing Standards (FIPS), ANSI, and feature names.</indspref>
        <direct>Vector</direct>
        <ptvctinf>
            <sdtsterm>
                <sdtstype>GT-polygon composed of chains</sdtstype>
                <ptvctcnt>450</ptvctcnt>
            </sdtsterm>
        </ptvctinf>
    </spdoinfo>
    <eainfo>
        <detailed>
            <enttyp>
                <enttypl>DCGIS.BlockGroupPly</enttypl>
                <enttypd>Topological Faces (Polygons With all Geocodes) County-based                 shapefile</enttypd>
                <enttypds>U.S. Census Bureau</enttypds>
            </enttyp>
            <attr>
                <attrlabl>OBJECTID</attrlabl>
                <attrdef>Internal feature number.</attrdef>
                <attrdefs>ESRI</attrdefs>
                <attrdomv>
                                        					
                    
                    <udom>Sequential unique whole numbers that are automatically generated.</udom>
                                        				
                
                </attrdomv>
            </attr>
            <attr>
                <attrlabl>TRACT</attrlabl>
            </attr>
            <attr>
                <attrlabl>BLKGRP</attrlabl>
            </attr>
            <attr>
                <attrlabl>Shape</attrlabl>
                <attrdef>Feature geometry.</attrdef>
                <attrdefs>ESRI</attrdefs>
                <attrdomv>
                                        					
                    
                    <udom>Coordinates defining the features.</udom>
                                        				
                
                </attrdomv>
            </attr>
            <attr>
                <attrlabl>GEOID</attrlabl>
            </attr>
            <attr>
                <attrlabl>P0010001</attrlabl>
            </attr>
            <attr>
                <attrlabl>P0010002</attrlabl>
            </attr>
            <attr>
                <attrlabl>P0010003</attrlabl>
            </attr>
            <attr>
                <attrlabl>P0010004</attrlabl>
            </attr>
            <attr>
                <attrlabl>P0010005</attrlabl>
            </attr>
            <attr>
                <attrlabl>P0010006</attrlabl>
            </attr>
            <attr>
                <attrlabl>P0010007</attrlabl>
            </attr>
            <attr>
                <attrlabl>P0010008</attrlabl>
            </attr>
            <attr>
                <attrlabl>OP000001</attrlabl>
                <attrdef>Aggregation of multiple race tabulations that include "Black or African American"</attrdef>
                <attrdefs>Office of Planning</attrdefs>
            </attr>
            <attr>
                <attrlabl>OP000002</attrlabl>
                <attrdef>Aggregation of multiple race tabulations that include "American Indian and Alaska Native"</attrdef>
                <attrdefs>Office of Planning</attrdefs>
            </attr>
            <attr>
                <attrlabl>OP000003</attrlabl>
                <attrdef>Aggregation of multiple race tabulations that include "Asian"</attrdef>
                <attrdefs>Office of Planning</attrdefs>
            </attr>
            <attr>
                <attrlabl>OP000004</attrlabl>
                <attrdef>Aggregation of multiple race tabulations that include "Native Hawaiian and Other Pacific Islander"</attrdef>
                <attrdefs>Office of Planning</attrdefs>
            </attr>
            <attr>
                <attrlabl>P0020002</attrlabl>
            </attr>
            <attr>
                <attrlabl>P0020005</attrlabl>
            </attr>
            <attr>
                <attrlabl>P0020006</attrlabl>
            </attr>
            <attr>
                <attrlabl>P0020007</attrlabl>
            </attr>
            <attr>
                <attrlabl>P0020008</attrlabl>
            </attr>
            <attr>
                <attrlabl>P0020009</attrlabl>
            </attr>
            <attr>
                <attrlabl>P0020010</attrlabl>
            </attr>
            <attr>
                <attrlabl>OP00005</attrlabl>
                <attrdef>Aggregation of non-hispanic multiple race tabulations that include "Black or African American"</attrdef>
                <attrdefs>Office of Planning</attrdefs>
            </attr>
            <attr>
                <attrlabl>OP00006</attrlabl>
                <attrdef>Aggregation of non-hispanic multiple race tabulations that include "American Indian and Alaska Native"</attrdef>
                <attrdefs>Office of Planning</attrdefs>
            </attr>
            <attr>
                <attrlabl>OP00007</attrlabl>
                <attrdef>Aggregation of non-hispanic multiple race tabulations that include "Asian"</attrdef>
                <attrdefs>Office of Planning</attrdefs>
            </attr>
            <attr>
                <attrlabl>OP00008</attrlabl>
                <attrdef>Aggregation of non-hispanic multiple race tabulations that include "Native Hawaiian and Other Pacific Islander"</attrdef>
                <attrdefs>Office of Planning</attrdefs>
            </attr>
            <attr>
                <attrlabl>P0030001</attrlabl>
            </attr>
            <attr>
                <attrlabl>P0030003</attrlabl>
            </attr>
            <attr>
                <attrlabl>P0030004</attrlabl>
            </attr>
            <attr>
                <attrlabl>P0030005</attrlabl>
            </attr>
            <attr>
                <attrlabl>P0030006</attrlabl>
            </attr>
            <attr>
                <attrlabl>P0030007</attrlabl>
            </attr>
            <attr>
                <attrlabl>P0030008</attrlabl>
            </attr>
            <attr>
                <attrlabl>OP00009</attrlabl>
                <attrdef>Aggregation of age 18 and over multiple race tabulations that include "Black or African American"</attrdef>
                <attrdefs>Office of Planning</attrdefs>
            </attr>
            <attr>
                <attrlabl>OP00010</attrlabl>
                <attrdef>Aggregation of age 18 and over multiple race tabulations that include "American Indian and Alaska Native"</attrdef>
                <attrdefs>Office of Planning</attrdefs>
            </attr>
            <attr>
                <attrlabl>OP00011</attrlabl>
                <attrdef>Aggregation of age 18 and over multiple race tabulations that include "Asian"</attrdef>
                <attrdefs>Office of Planning</attrdefs>
            </attr>
            <attr>
                <attrlabl>OP00012</attrlabl>
                <attrdef>Aggregation of age 18 and over multiple race tabulations that include "Native Hawaiian and Other Pacific Islander"</attrdef>
                <attrdefs>Office of Planning</attrdefs>
            </attr>
            <attr>
                <attrlabl>P0040002</attrlabl>
            </attr>
            <attr>
                <attrlabl>P0040005</attrlabl>
            </attr>
            <attr>
                <attrlabl>P0040006</attrlabl>
            </attr>
            <attr>
                <attrlabl>P0040007</attrlabl>
            </attr>
            <attr>
                <attrlabl>P0040008</attrlabl>
            </attr>
            <attr>
                <attrlabl>P0040009</attrlabl>
            </attr>
            <attr>
                <attrlabl>P0040010</attrlabl>
            </attr>
            <attr>
                <attrlabl>OP000013</attrlabl>
                <attrdef>Aggregation of non-hispanic age 18 and over multiple race tabulations that include "Black or African American"</attrdef>
                <attrdefs>Office of Planning</attrdefs>
            </attr>
            <attr>
                <attrlabl>OP000014</attrlabl>
                <attrdef>Aggregation of non-hispanic age 18 and over multiple race tabulations that include "American Indian and Alaska Native"</attrdef>
                <attrdefs>Office of Planning</attrdefs>
            </attr>
            <attr>
                <attrlabl>OP000015</attrlabl>
                <attrdef>Aggregation of non-hispanic age 18 and over multiple race tabulations that include "Asian"</attrdef>
                <attrdefs>Office of Planning</attrdefs>
            </attr>
            <attr>
                <attrlabl>OP000016</attrlabl>
                <attrdef>Aggregation of non-hispanic age 18 and over multiple race tabulations that include "Native Hawaiian and Other Pacific Islander"</attrdef>
                <attrdefs>Office of Planning</attrdefs>
            </attr>
            <attr>
                <attrlabl>H0010001</attrlabl>
            </attr>
            <attr>
                <attrlabl>H0010002</attrlabl>
            </attr>
            <attr>
                <attrlabl>H0010003</attrlabl>
            </attr>
            <attr>
                <attrlabl>SE_ANNO_CAD_DATA</attrlabl>
            </attr>
            <attr>
                <attrlabl>GIS_ID</attrlabl>
            </attr>
            <attr>
                <attrlabl>GlobalID</attrlabl>
            </attr>
            <attr>
                <attrlabl>Creator</attrlabl>
            </attr>
            <attr>
                <attrlabl>Created</attrlabl>
            </attr>
            <attr>
                <attrlabl>Editor</attrlabl>
            </attr>
            <attr>
                <attrlabl>Edited</attrlabl>
            </attr>
            <attr>
                <attrlabl>Shape.area</attrlabl>
            </attr>
            <attr>
                <attrlabl>Shape.len</attrlabl>
            </attr>
        </detailed>
    </eainfo>
    <distinfo>
        <distrib>
            <cntinfo>
                <cntorgp>
                    <cntorg>U.S. Department of Commerce, U.S. Census Bureau, Geography Division, Geographic Products Branch</cntorg>
                </cntorgp>
                <cntaddr>
                    <addrtype>mailing</addrtype>
                    <address>4600 Silver Hill Road, Stop 7400</address>
                    <city>Washington</city>
                    <state>DC</state>
                    <postal>20233-7400</postal>
                    <country>US</country>
                </cntaddr>
                <cntvoice>301-763-1128</cntvoice>
                <cntfax>301-763-4710</cntfax>
                <cntemail>geo.tiger@census.gov</cntemail>
            </cntinfo>
        </distrib>
        <distliab>See access and use constraints information.</distliab>
        <stdorder>
            <digform>
                <digtinfo>
                    <formname>TGRSHP (compressed)</formname>
                    <filedec>PK-ZIP, version 1.93 A or higher</filedec>
                    <transize>4.502</transize>
                </digtinfo>
                <digtopt>
                    <onlinopt>
                        <computer>
                            <networka>
                                <networkr>http://www.census.gov/geo/www/tiger</networkr>
                            </networka>
                        </computer>
                    </onlinopt>
                    <offoptn>
                        <recfmt>ISO 9660</recfmt>
                    </offoptn>
                </digtopt>
            </digform>
            <fees>The online copy of the TIGER/Line files may be accessed without charge.</fees>
            <ordering>To obtain more information about ordering TIGER/Line shapefiles visit http://www.census.gov/geo/www/tiger</ordering>
        </stdorder>
    </distinfo>
    <metainfo>
        <metd>20210831</metd>
        <metc>
            <cntinfo>
                <cntorgp>
                    <cntorg>U.S. Department of Commerce, U.S. Census Bureau, Geography Division, Geographic Products Branch</cntorg>
                </cntorgp>
                <cntaddr>
                    <addrtype>mailing</addrtype>
                    <address>4600 Silver Hill Road, Stop 7400</address>
                    <city>Washington</city>
                    <state>DC</state>
                    <postal>20233-7400</postal>
                    <country>US</country>
                </cntaddr>
                <cntvoice>301-763-1128</cntvoice>
                <cntfax>301-763-4710</cntfax>
                <cntemail>geo.tiger@census.gov</cntemail>
            </cntinfo>
        </metc>
        <metstdn>FGDC Content Standard for Digital Geospatial Metadata</metstdn>
        <metstdv>FGDC-STD-001-1998</metstdv>
        <mettc>local time</mettc>
    </metainfo>
</metadata>
