<?xml version="1.0"?>
<!--<!DOCTYPE metadata SYSTEM "http://www.esri.com/metadata/esriprof80.dtd">-->
<metadata xml:lang="en"><Esri><MetaID>{429F69A4-97AB-4FAD-AE9D-55789E06E03A}</MetaID><CreaDate>20030828</CreaDate><CreaTime>14101800</CreaTime><SyncOnce>FALSE</SyncOnce><SyncDate>20051024</SyncDate><SyncTime>09012700</SyncTime><ModDate>20051024</ModDate><ModTime>09012700</ModTime><DataProperties><lineage><Process ToolSource="C:\Program Files\ArcGIS\ArcToolbox\Toolboxes\Data Management Tools.tbx\CopyFeatures" Date="20051024" Time="090129">CopyFeatures "stream arc" "G:\PZI\GIS\shapes\hydro\stream arc.shp" # 0 0 0</Process></lineage></DataProperties></Esri><idinfo><native Sync="TRUE">Microsoft Windows XP Version 5.1 (Build 2600) Service Pack 2; ESRI ArcCatalog 9.1.0.722</native><descript><langdata Sync="TRUE">en</langdata><abstract>Detailed drainage network, digitized from 2-foot topographic contours from 1998 orthophotography</abstract><purpose>Identify stream types, durations, and jurisdictions.</purpose></descript><citation><citeinfo><origin>Town of Carrboro</origin><pubdate>2003</pubdate><title Sync="TRUE">stream arc</title><ftname Sync="TRUE">stream arc</ftname><geoform Sync="TRUE">vector digital data</geoform><onlink Sync="TRUE">\\hounddog\GROUPS$\PZI\GIS\shapes\hydro\stream arc.shp</onlink></citeinfo></citation><timeperd><current>publication date</current><timeinfo><sngdate><caldate>1998</caldate></sngdate></timeinfo></timeperd><status><progress>REQUIRED: The state of the data set.</progress><update>REQUIRED: The frequency with which changes and additions are made to the data set after the initial data set is completed.</update></status><spdom><bounding><westbc Sync="TRUE">-79.145494</westbc><eastbc Sync="TRUE">-78.991276</eastbc><northbc Sync="TRUE">35.975761</northbc><southbc Sync="TRUE">35.848160</southbc></bounding><lboundng><leftbc Sync="TRUE">1956950.000000</leftbc><rightbc Sync="TRUE">2002581.375000</rightbc><bottombc Sync="TRUE">763658.312500</bottombc><topbc Sync="TRUE">810075.000000</topbc></lboundng></spdom><keywords><theme><themekt>REQUIRED: Reference to a formally registered thesaurus or a similar authoritative source of theme keywords.</themekt><themekey>REQUIRED: Common-use word or phrase used to describe the subject of the data set.</themekey></theme></keywords><accconst>none</accconst><useconst>These streams are not field-verified. They are digitized from GIS topographic data.</useconst><natvform Sync="TRUE">Shapefile</natvform><ptcontac><cntinfo><cntperp><cntper>Ruth Heaton</cntper><cntorg>Town of Carrboro</cntorg></cntperp><cntvoice>919-929-4133</cntvoice></cntinfo></ptcontac></idinfo><dataIdInfo><envirDesc Sync="TRUE">Microsoft Windows XP Version 5.1 (Build 2600) Service Pack 2; ESRI ArcCatalog 9.1.0.722</envirDesc><dataLang><languageCode Sync="TRUE" value="en"></languageCode></dataLang><idCitation><resTitle Sync="TRUE">stream arc</resTitle><presForm><PresFormCd Sync="TRUE" value="005"></PresFormCd></presForm></idCitation><spatRpType><SpatRepTypCd Sync="TRUE" value="001"></SpatRepTypCd></spatRpType><dataExt><geoEle><GeoBndBox esriExtentType="native"><westBL Sync="TRUE">1956950</westBL><eastBL Sync="TRUE">2002581.375</eastBL><northBL Sync="TRUE">810075</northBL><southBL Sync="TRUE">763658.3125</southBL><exTypeCode Sync="TRUE">1</exTypeCode></GeoBndBox></geoEle></dataExt><geoBox esriExtentType="decdegrees"><westBL Sync="TRUE">-79.145494</westBL><eastBL Sync="TRUE">-78.991276</eastBL><northBL Sync="TRUE">35.975761</northBL><southBL Sync="TRUE">35.84816</southBL><exTypeCode Sync="TRUE">1</exTypeCode></geoBox></dataIdInfo><metainfo><langmeta Sync="TRUE">en</langmeta><metstdn Sync="TRUE">FGDC Content Standards for Digital Geospatial Metadata</metstdn><metstdv Sync="TRUE">FGDC-STD-001-1998</metstdv><mettc Sync="TRUE">local time</mettc><metc><cntinfo><cntorgp><cntper>REQUIRED: The person responsible for the metadata information.</cntper><cntorg>REQUIRED: The organization responsible for the metadata information.</cntorg></cntorgp><cntaddr><addrtype>REQUIRED: The mailing and/or physical address for the organization or individual.</addrtype><city>REQUIRED: The city of the address.</city><state>REQUIRED: The state or province of the address.</state><postal>REQUIRED: The ZIP or other postal code of the address.</postal></cntaddr><cntvoice>REQUIRED: The telephone number by which individuals can speak to the organization or individual.</cntvoice></cntinfo></metc><metd Sync="TRUE">20051024</metd><metextns><onlink Sync="TRUE">http://www.esri.com/metadata/esriprof80.html</onlink><metprof Sync="TRUE">ESRI Metadata Profile</metprof></metextns></metainfo><mdLang><languageCode Sync="TRUE" value="en"></languageCode></mdLang><mdStanName Sync="TRUE">ISO 19115 Geographic Information - Metadata</mdStanName><mdStanVer Sync="TRUE">DIS_ESRI1.0</mdStanVer><mdChar><CharSetCd Sync="TRUE" value="004"></CharSetCd></mdChar><mdHrLv><ScopeCd Sync="TRUE" value="005"></ScopeCd></mdHrLv><mdHrLvName Sync="TRUE">dataset</mdHrLvName><distinfo><resdesc Sync="TRUE">Downloadable Data</resdesc><stdorder><digform><digtinfo><transize Sync="TRUE">0.000</transize><dssize Sync="TRUE">0.000</dssize></digtinfo></digform></stdorder></distinfo><distInfo><distributor><distorTran><onLineSrc><orDesc Sync="TRUE">002</orDesc><linkage Sync="TRUE">file://\\hounddog\GROUPS$\PZI\GIS\shapes\hydro\stream arc.shp</linkage><protocol Sync="TRUE">Local Area Network</protocol></onLineSrc><transSize Sync="TRUE">0.000</transSize></distorTran><distorFormat><formatName Sync="TRUE">Shapefile</formatName></distorFormat></distributor></distInfo><spdoinfo><direct Sync="TRUE">Vector</direct><ptvctinf><esriterm Name="stream arc"><efeatyp Sync="TRUE">Simple</efeatyp><efeageom Sync="TRUE">Polyline</efeageom><esritopo Sync="TRUE">FALSE</esritopo><efeacnt Sync="TRUE">0</efeacnt><spindex Sync="TRUE">FALSE</spindex><linrefer Sync="TRUE">FALSE</linrefer></esriterm><sdtsterm Name="stream arc"><sdtstype Sync="TRUE">String</sdtstype><ptvctcnt Sync="TRUE">0</ptvctcnt></sdtsterm></ptvctinf></spdoinfo><spref><horizsys><cordsysn><geogcsn Sync="TRUE">GCS_North_American_1983</geogcsn><projcsn Sync="TRUE">NAD_1983_StatePlane_North_Carolina_FIPS_3200_Feet</projcsn></cordsysn><planar><planci><plance Sync="TRUE">coordinate pair</plance><plandu Sync="TRUE">survey feet</plandu><coordrep><absres Sync="TRUE">0.000023</absres><ordres Sync="TRUE">0.000023</ordres></coordrep></planci><mapproj><mapprojn Sync="TRUE">Lambert Conformal Conic</mapprojn><lambertc><stdparll Sync="TRUE">34.333333</stdparll><stdparll Sync="TRUE">36.166667</stdparll><longcm Sync="TRUE">-79.000000</longcm><latprjo Sync="TRUE">33.750000</latprjo><feast Sync="TRUE">2000000.002617</feast><fnorth Sync="TRUE">0.000000</fnorth></lambertc></mapproj></planar><geodetic><horizdn Sync="TRUE">North American Datum of 1983</horizdn><ellips Sync="TRUE">Geodetic Reference System 80</ellips><semiaxis Sync="TRUE">6378137.000000</semiaxis><denflat Sync="TRUE">298.257222</denflat></geodetic></horizsys></spref><refSysInfo><RefSystem><refSysID><identCode Sync="TRUE">NAD_1983_StatePlane_North_Carolina_FIPS_3200_Feet</identCode></refSysID></RefSystem></refSysInfo><spatRepInfo><VectSpatRep><topLvl><TopoLevCd Sync="TRUE" value="001"></TopoLevCd></topLvl><geometObjs Name="stream arc"><geoObjTyp><GeoObjTypCd Sync="TRUE" value="001"></GeoObjTypCd></geoObjTyp><geoObjCnt Sync="TRUE">0</geoObjCnt></geometObjs></VectSpatRep></spatRepInfo><eainfo><detailed Name="stream arc"><enttyp><enttypl Sync="TRUE">stream arc</enttypl><enttypt Sync="TRUE">Feature Class</enttypt><enttypc Sync="TRUE">0</enttypc></enttyp><attr><attrlabl Sync="TRUE">FID</attrlabl><attalias Sync="TRUE">FID</attalias><attrtype Sync="TRUE">OID</attrtype><attwidth Sync="TRUE">4</attwidth><atprecis Sync="TRUE">0</atprecis><attscale Sync="TRUE">0</attscale><attrdef Sync="TRUE">Internal feature number.</attrdef><attrdefs Sync="TRUE">ESRI</attrdefs><attrdomv><udom Sync="TRUE">Sequential unique whole numbers that are automatically generated.</udom></attrdomv></attr><attr><attrlabl Sync="TRUE">Shape</attrlabl><attalias Sync="TRUE">Shape</attalias><attrtype Sync="TRUE">Geometry</attrtype><attwidth Sync="TRUE">0</attwidth><atprecis Sync="TRUE">0</atprecis><attscale Sync="TRUE">0</attscale><attrdef Sync="TRUE">Feature geometry.</attrdef><attrdefs Sync="TRUE">ESRI</attrdefs><attrdomv><udom Sync="TRUE">Coordinates defining the features.</udom></attrdomv></attr><attr><attrlabl Sync="TRUE">FNODE_</attrlabl><attalias Sync="TRUE">FNODE_</attalias><attrtype Sync="TRUE">Number</attrtype><attwidth Sync="TRUE">9</attwidth></attr><attr><attrlabl Sync="TRUE">TNODE_</attrlabl><attalias Sync="TRUE">TNODE_</attalias><attrtype Sync="TRUE">Number</attrtype><attwidth Sync="TRUE">9</attwidth></attr><attr><attrlabl Sync="TRUE">LPOLY_</attrlabl><attalias Sync="TRUE">LPOLY_</attalias><attrtype Sync="TRUE">Number</attrtype><attwidth Sync="TRUE">9</attwidth></attr><attr><attrlabl Sync="TRUE">RPOLY_</attrlabl><attalias Sync="TRUE">RPOLY_</attalias><attrtype Sync="TRUE">Number</attrtype><attwidth Sync="TRUE">9</attwidth></attr><attr><attrlabl Sync="TRUE">LENGTH</attrlabl><attalias Sync="TRUE">LENGTH</attalias><attrtype Sync="TRUE">Float</attrtype><attwidth Sync="TRUE">13</attwidth><atnumdec Sync="TRUE">11</atnumdec></attr><attr><attrlabl Sync="TRUE">STREAM_</attrlabl><attalias Sync="TRUE">STREAM_</attalias><attrtype Sync="TRUE">Number</attrtype><attwidth Sync="TRUE">9</attwidth></attr><attr><attrlabl Sync="TRUE">STREAM_ID</attrlabl><attalias Sync="TRUE">STREAM_ID</attalias><attrtype Sync="TRUE">Number</attrtype><attwidth Sync="TRUE">9</attwidth></attr><attr><attrlabl Sync="TRUE">TYPE</attrlabl><attalias Sync="TRUE">TYPE</attalias><attrtype Sync="TRUE">String</attrtype><attwidth Sync="TRUE">6</attwidth></attr><attr><attrlabl Sync="TRUE">NAME</attrlabl><attalias Sync="TRUE">NAME</attalias><attrtype Sync="TRUE">String</attrtype><attwidth Sync="TRUE">50</attwidth></attr><attr><attrlabl Sync="TRUE">BASIN</attrlabl><attalias Sync="TRUE">BASIN</attalias><attrtype Sync="TRUE">String</attrtype><attwidth Sync="TRUE">10</attwidth></attr><attr><attrlabl Sync="TRUE">BUFFER</attrlabl><attalias Sync="TRUE">BUFFER</attalias><attrtype Sync="TRUE">Float</attrtype><attwidth Sync="TRUE">19</attwidth><atnumdec Sync="TRUE">11</atnumdec></attr><attr><attrlabl Sync="TRUE">DURATION</attrlabl><attalias Sync="TRUE">DURATION</attalias><attrtype Sync="TRUE">String</attrtype><attwidth Sync="TRUE">2</attwidth></attr><attr><attrlabl Sync="TRUE">JURIS</attrlabl><attalias Sync="TRUE">JURIS</attalias><attrtype Sync="TRUE">String</attrtype><attwidth Sync="TRUE">3</attwidth></attr></detailed></eainfo><mdDateSt Sync="TRUE">20051024</mdDateSt></metadata>
