<?xml version="1.0" encoding="UTF-8"?>
<metadata xml:lang="en"><Esri><CreaDate>20200817</CreaDate><CreaTime>15091400</CreaTime><SyncOnce>FALSE</SyncOnce><DataProperties><lineage><Process ToolSource="C:\Program Files\ArcGIS\ArcToolbox\Toolboxes\Conversion Tools.tbx\FeatureclassToCoverage" Date="20090727" Time="120248">FeatureclassToCoverage "CarrboroGDB.DBO.StreamEdit ROUTE" H:\GIS\C_WORK\WORK\myarc\projects\hydro\0StreamEdit\StreamEdit "0.001 Feet" DOUBLE</Process><Process ToolSource="C:\Program Files\ArcGIS\ArcToolbox\Toolboxes\Conversion Tools.tbx\FeatureClassToFeatureClass" Date="20090727" Time="124442">FeatureClassToFeatureClass H:\GIS\C_WORK\WORK\myarc\projects\hydro\0StreamEdit\streamedit\route.streamedit "Database Connections\Connection to CarrboroGDB.sde\CarrboroGDB.DBO.Streams" CarrStreams # "STREAMEDIT_ 'STREAMEDIT_' false true true 4 Long 0 0 ,First,#,H:\GIS\C_WORK\WORK\myarc\projects\hydro\0StreamEdit\streamedit\route.streamedit,STREAMEDIT#,-1,-1;STREAMEDIT_ID 'STREAMEDIT_ID' true true true 4 Long 0 0 ,First,#,H:\GIS\C_WORK\WORK\myarc\projects\hydro\0StreamEdit\streamedit\route.streamedit,STREAMEDIT-ID,-1,-1;NAME 'NAME' true true false 50 Text 0 0 ,First,#,H:\GIS\C_WORK\WORK\myarc\projects\hydro\0StreamEdit\streamedit\route.streamedit,NAME,-1,-1;BASIN 'BASIN' true true false 10 Text 0 0 ,First,#,H:\GIS\C_WORK\WORK\myarc\projects\hydro\0StreamEdit\streamedit\route.streamedit,BASIN,-1,-1;DURATION 'DURATION' true true false 2 Text 0 0 ,First,#,H:\GIS\C_WORK\WORK\myarc\projects\hydro\0StreamEdit\streamedit\route.streamedit,DURATION,-1,-1;JURIS 'JURIS' true true false 3 Text 0 0 ,First,#,H:\GIS\C_WORK\WORK\myarc\projects\hydro\0StreamEdit\streamedit\route.streamedit,JURIS,-1,-1;SS 'SS' true true false 8 Double 0 0 ,First,#,H:\GIS\C_WORK\WORK\myarc\projects\hydro\0StreamEdit\streamedit\route.streamedit,SS,-1,-1;DRAINAREA 'DRAINAREA' true true false 6 Text 0 0 ,First,#,H:\GIS\C_WORK\WORK\myarc\projects\hydro\0StreamEdit\streamedit\route.streamedit,DRAINAREA,-1,-1;TYPE 'TYPE' true true false 1 Text 0 0 ,First,#,H:\GIS\C_WORK\WORK\myarc\projects\hydro\0StreamEdit\streamedit\route.streamedit,TYPE,-1,-1;CHECK_ 'CHECK_' true true false 4 Long 0 0 ,First,#,H:\GIS\C_WORK\WORK\myarc\projects\hydro\0StreamEdit\streamedit\route.streamedit,CHECK_,-1,-1;DRAINAGE 'DRAINAGE' true true false 2 Short 0 0 ,First,#,H:\GIS\C_WORK\WORK\myarc\projects\hydro\0StreamEdit\streamedit\route.streamedit,DRAINAGE,-1,-1;ZONE1 'ZONE1' true true false 2 Short 0 0 ,First,#,H:\GIS\C_WORK\WORK\myarc\projects\hydro\0StreamEdit\streamedit\route.streamedit,ZONE1,-1,-1;ZONE2 'ZONE2' true true false 2 Short 0 0 ,First,#,H:\GIS\C_WORK\WORK\myarc\projects\hydro\0StreamEdit\streamedit\route.streamedit,ZONE2,-1,-1;TOTALBUF 'TOTALBUF' true true false 2 Short 0 0 ,First,#,H:\GIS\C_WORK\WORK\myarc\projects\hydro\0StreamEdit\streamedit\route.streamedit,TOTALBUF,-1,-1" # "Database Connections\Connection to CarrboroGDB.sde\CarrboroGDB.DBO.Streams\CarrboroGDB.DBO.CarrStreams"</Process><Process ToolSource="C:\Program Files\ArcGIS\ArcToolbox\Toolboxes\Data Management Tools.tbx\AssignDomainToField" Date="20090729" Time="151611">AssignDomainToField "Database Connections\Connection to CarrboroGDB.sde\CarrboroGDB.DBO.Streams\CarrboroGDB.DBO.Stream" DRAINAGE StreamDrainageArea # "Database Connections\Connection to CarrboroGDB.sde\CarrboroGDB.DBO.Streams\CarrboroGDB.DBO.Stream"</Process><Process ToolSource="C:\Program Files\ArcGIS\ArcToolbox\Toolboxes\Data Management Tools.tbx\AssignDomainToField" Date="20090729" Time="151643">AssignDomainToField "Database Connections\Connection to CarrboroGDB.sde\CarrboroGDB.DBO.Streams\CarrboroGDB.DBO.Stream" CHECK_ StreamTypeFieldCheck # "Database Connections\Connection to CarrboroGDB.sde\CarrboroGDB.DBO.Streams\CarrboroGDB.DBO.Stream"</Process><Process ToolSource="C:\Program Files\ArcGIS\ArcToolbox\Toolboxes\Data Management Tools.tbx\AssignDomainToField" Date="20090729" Time="151728">AssignDomainToField "Database Connections\Connection to CarrboroGDB.sde\CarrboroGDB.DBO.Streams\CarrboroGDB.DBO.Stream" TYPE StreamType # "Database Connections\Connection to CarrboroGDB.sde\CarrboroGDB.DBO.Streams\CarrboroGDB.DBO.Stream"</Process><Process ToolSource="C:\Program Files\ArcGIS\Desktop10.0\ArcToolbox\Toolboxes\Data Management Tools.tbx\CalculateField" Date="20120217" Time="101242">CalculateField CarrboroGDB.DBO.Stream ZONE1 0 VB #</Process><Process ToolSource="C:\Program Files\ArcGIS\Desktop10.0\ArcToolbox\Toolboxes\Data Management Tools.tbx\CalculateField" Date="20120217" Time="101303">CalculateField CarrboroGDB.DBO.Stream ZONE2 15 VB #</Process><Process ToolSource="C:\Program Files\ArcGIS\Desktop10.0\ArcToolbox\Toolboxes\Data Management Tools.tbx\CalculateField" Date="20120217" Time="101317">CalculateField CarrboroGDB.DBO.Stream TOTALBUF 15 VB #</Process><Process ToolSource="C:\Program Files\ArcGIS\Desktop10.0\ArcToolbox\Toolboxes\Data Management Tools.tbx\CalculateField" Date="20120217" Time="101520">CalculateField CarrboroGDB.DBO.Stream ZONE1 30 VB #</Process><Process ToolSource="C:\Program Files\ArcGIS\Desktop10.0\ArcToolbox\Toolboxes\Data Management Tools.tbx\CalculateField" Date="20120217" Time="101532">CalculateField CarrboroGDB.DBO.Stream ZONE2 30 VB #</Process><Process ToolSource="C:\Program Files\ArcGIS\Desktop10.0\ArcToolbox\Toolboxes\Data Management Tools.tbx\CalculateField" Date="20120217" Time="101547">CalculateField CarrboroGDB.DBO.Stream TOTALBUF 60 VB #</Process><Process ToolSource="C:\Program Files\ArcGIS\Desktop10.0\ArcToolbox\Toolboxes\Data Management Tools.tbx\AddField" Date="20120220" Time="074343">AddField "Database Connections\DC_CarrboroGDB_bluehawaii.sde\CarrboroGDB.DBO.Streams\CarrboroGDB.DBO.Stream" Piped SHORT # # # # NULLABLE NON_REQUIRED #</Process><Process ToolSource="c:\program files (x86)\arcgis\desktop10.2\ArcToolbox\Toolboxes\Data Management Tools.tbx\CalculateField" Date="20140522" Time="130629">CalculateField "SDE Streams\Streams" NAME "Bolin Creek" VB #</Process><Process ToolSource="c:\program files (x86)\arcgis\desktop10.2\ArcToolbox\Toolboxes\Data Management Tools.tbx\CalculateField" Date="20140522" Time="130712">CalculateField "SDE Streams\Streams" NAME "Buckhorn Branch" VB #</Process><Process ToolSource="c:\program files (x86)\arcgis\desktop10.2\ArcToolbox\Toolboxes\Data Management Tools.tbx\CalculateField" Date="20140522" Time="130745">CalculateField "SDE Streams\Streams" NAME "Jolly Branch" VB #</Process><Process ToolSource="c:\program files (x86)\arcgis\desktop10.2\ArcToolbox\Toolboxes\Data Management Tools.tbx\CalculateField" Date="20140522" Time="130811">CalculateField "SDE Streams\Streams" NAME "Jones Creek" VB #</Process><Process ToolSource="c:\program files (x86)\arcgis\desktop10.2\ArcToolbox\Toolboxes\Data Management Tools.tbx\CalculateField" Date="20140522" Time="130835">CalculateField "SDE Streams\Streams" NAME "Morgan Creek" VB #</Process><Process ToolSource="c:\program files (x86)\arcgis\desktop10.2\ArcToolbox\Toolboxes\Data Management Tools.tbx\CalculateField" Date="20140522" Time="130859">CalculateField "SDE Streams\Streams" NAME "Neville Creek" VB #</Process><Process ToolSource="c:\program files (x86)\arcgis\desktop10.2\ArcToolbox\Toolboxes\Data Management Tools.tbx\CalculateField" Date="20140522" Time="130918">CalculateField "SDE Streams\Streams" NAME "Phils Creek" VB #</Process><Process ToolSource="c:\program files (x86)\arcgis\desktop10.2\ArcToolbox\Toolboxes\Data Management Tools.tbx\CalculateField" Date="20140522" Time="130941">CalculateField "SDE Streams\Streams" NAME "Price Creek" VB #</Process><Process ToolSource="c:\program files (x86)\arcgis\desktop10.2\ArcToolbox\Toolboxes\Data Management Tools.tbx\CalculateField" Date="20140522" Time="131001">CalculateField "SDE Streams\Streams" NAME "Pritchards Mill Creek" VB #</Process><Process ToolSource="c:\program files (x86)\arcgis\desktop10.2\ArcToolbox\Toolboxes\Data Management Tools.tbx\CalculateField" Date="20140522" Time="131025">CalculateField "SDE Streams\Streams" NAME "Tanbark Branch" VB #</Process><Process ToolSource="c:\program files (x86)\arcgis\desktop10.2\ArcToolbox\Toolboxes\Data Management Tools.tbx\CalculateField" Date="20140522" Time="131051">CalculateField "SDE Streams\Streams" NAME "Toms Creek" VB #</Process><Process ToolSource="c:\program files (x86)\arcgis\desktop10.2\ArcToolbox\Toolboxes\Data Management Tools.tbx\CalculateField" Date="20140522" Time="131117">CalculateField "SDE Streams\Streams" NAME "West Branch Price Creek" VB #</Process><Process ToolSource="c:\program files (x86)\arcgis\desktop10.2\ArcToolbox\Toolboxes\Data Management Tools.tbx\CalculateField" Date="20140522" Time="131230">CalculateField "SDE Streams\Streams" NAME "Booker Creek" VB #</Process><Process ToolSource="c:\program files (x86)\arcgis\desktop10.2\ArcToolbox\Toolboxes\Data Management Tools.tbx\CalculateField" Date="20140522" Time="131254">CalculateField "SDE Streams\Streams" NAME "Cedar Fork" VB #</Process><Process ToolSource="c:\program files (x86)\arcgis\desktop10.2\ArcToolbox\Toolboxes\Data Management Tools.tbx\CalculateField" Date="20140522" Time="131312">CalculateField "SDE Streams\Streams" NAME "Chapel Creek" VB #</Process><Process ToolSource="c:\program files (x86)\arcgis\desktop10.2\ArcToolbox\Toolboxes\Data Management Tools.tbx\CalculateField" Date="20140522" Time="131355">CalculateField "SDE Streams\Streams" NAME "Little Creek" VB #</Process><Process ToolSource="c:\program files (x86)\arcgis\desktop10.2\ArcToolbox\Toolboxes\Data Management Tools.tbx\CalculateField" Date="20140522" Time="131416">CalculateField "SDE Streams\Streams" NAME "Meeting of the Waters" VB #</Process><Process ToolSource="c:\program files (x86)\arcgis\desktop10.2\ArcToolbox\Toolboxes\Data Management Tools.tbx\CalculateField" Date="20140522" Time="131604">CalculateField "SDE Streams\Streams" NAME "Wilson Creek" VB #</Process><Process ToolSource="c:\program files (x86)\arcgis\desktop10.2\ArcToolbox\Toolboxes\Data Management Tools.tbx\CalculateField" Date="20140522" Time="131636">CalculateField "SDE Streams\Streams" NAME "Crow Branch Creek" VB #</Process><Process ToolSource="c:\program files (x86)\arcgis\desktop10.2\ArcToolbox\Toolboxes\Data Management Tools.tbx\CalculateField" Date="20140522" Time="131658">CalculateField "SDE Streams\Streams" NAME "East Branch" VB #</Process><Process ToolSource="c:\program files (x86)\arcgis\desktop10.2\ArcToolbox\Toolboxes\Data Management Tools.tbx\CalculateField" Date="20140522" Time="131719">CalculateField "SDE Streams\Streams" NAME "Fan Branch" VB #</Process><Process ToolSource="c:\program files (x86)\arcgis\desktop10.2\ArcToolbox\Toolboxes\Data Management Tools.tbx\CalculateField" Date="20140522" Time="132129">CalculateField "SDE Streams\Streams" NAME "" VB #</Process><Process ToolSource="c:\program files (x86)\arcgis\desktop10.2\ArcToolbox\Toolboxes\Data Management Tools.tbx\CalculateField" Date="20140522" Time="132242">CalculateField "SDE Streams\Streams" NAME "" VB #</Process><Process ToolSource="c:\program files (x86)\arcgis\desktop10.2\ArcToolbox\Toolboxes\Data Management Tools.tbx\CalculateField" Date="20140523" Time="145909">CalculateField "SDE Streams\SS Streams" WTRTYPE "Artificial Path" VB #</Process><Process ToolSource="c:\program files (x86)\arcgis\desktop10.2\ArcToolbox\Toolboxes\Data Management Tools.tbx\CalculateField" Date="20140523" Time="150004">CalculateField "SDE Streams\SS Streams" WTRTYPE "Stream or River" VB #</Process><Process ToolSource="c:\program files (x86)\arcgis\desktop10.2\ArcToolbox\Toolboxes\Data Management Tools.tbx\CalculateField" Date="20140523" Time="150425">CalculateField "SDE Streams\SS Streams" WTRTYPE "Artificial Path" VB #</Process></lineage></DataProperties><SyncDate>20090727</SyncDate><SyncTime>12443600</SyncTime><ModDate>20090727</ModDate><ModTime>12443600</ModTime><ArcGISFormat>1.0</ArcGISFormat></Esri><idinfo><native Sync="TRUE">Microsoft Windows XP Version 5.1 (Build 2600) Service Pack 3; ESRI ArcCatalog 9.3.1.3000</native><descript><langdata Sync="TRUE">en</langdata><abstract>REQUIRED: A brief narrative summary of the data set.</abstract><purpose>REQUIRED: A summary of the intentions with which the data set was developed.</purpose></descript><citation><citeinfo><origin>REQUIRED: The name of an organization or individual that developed the data set.</origin><pubdate>REQUIRED: The date when the data set is published or otherwise made available for release.</pubdate><title Sync="TRUE">CarrboroGDB.DBO.CarrStreams</title><ftname Sync="TRUE">CarrboroGDB.DBO.CarrStreams</ftname><geoform Sync="TRUE">vector digital data</geoform><onlink Sync="TRUE">Server=heartbreakhotel; Service=5151/tcp; Database=CarrboroGDB; Version=dbo.DEFAULT</onlink></citeinfo></citation><timeperd><current>REQUIRED: The basis on which the time period of content information is determined.</current><timeinfo><sngdate><caldate>REQUIRED: The year (and optionally month, or month and day) for which the data set corresponds to the ground.</caldate></sngdate></timeinfo></timeperd><status><progress>REQUIRED: The state of the data set.</progress><update>REQUIRED: The frequency with which changes and additions are made to the data set after the initial data set is completed.</update></status><spdom><bounding><westbc Sync="TRUE">REQUIRED: Western-most coordinate of the limit of coverage expressed in longitude.</westbc><eastbc Sync="TRUE">REQUIRED: Eastern-most coordinate of the limit of coverage expressed in longitude.</eastbc><northbc Sync="TRUE">REQUIRED: Northern-most coordinate of the limit of coverage expressed in latitude.</northbc><southbc Sync="TRUE">REQUIRED: Southern-most coordinate of the limit of coverage expressed in latitude.</southbc></bounding></spdom><keywords><theme><themekt>REQUIRED: Reference to a formally registered thesaurus or a similar authoritative source of theme keywords.</themekt><themekey>REQUIRED: Common-use word or phrase used to describe the subject of the data set.</themekey></theme></keywords><accconst>REQUIRED: Restrictions and legal prerequisites for accessing the data set.</accconst><useconst>REQUIRED: Restrictions and legal prerequisites for using the data set after access is granted.</useconst><natvform Sync="TRUE">SDE Feature Class</natvform></idinfo><dataIdInfo><envirDesc Sync="TRUE">Microsoft Windows XP Version 5.1 (Build 2600) Service Pack 3; ESRI ArcCatalog 9.3.1.3000</envirDesc><dataLang><languageCode Sync="TRUE" value="en"/></dataLang><idCitation><resTitle Sync="TRUE">CarrboroGDB.DBO.CarrStreams</resTitle><presForm><PresFormCd Sync="TRUE" value="005"/></presForm></idCitation><spatRpType><SpatRepTypCd Sync="TRUE" value="001"/></spatRpType></dataIdInfo><metainfo><langmeta Sync="TRUE">en</langmeta><metstdn Sync="TRUE">FGDC Content Standards for Digital Geospatial Metadata</metstdn><metstdv Sync="TRUE">FGDC-STD-001-1998</metstdv><mettc Sync="TRUE">local time</mettc><metextns><onlink Sync="TRUE">http://www.esri.com/metadata/esriprof80.html</onlink><metprof Sync="TRUE">ESRI Metadata Profile</metprof></metextns><metc><cntinfo><cntorgp><cntper>REQUIRED: The person responsible for the metadata information.</cntper><cntorg>REQUIRED: The organization responsible for the metadata information.</cntorg></cntorgp><cntaddr><addrtype>REQUIRED: The mailing and/or physical address for the organization or individual.</addrtype><city>REQUIRED: The city of the address.</city><state>REQUIRED: The state or province of the address.</state><postal>REQUIRED: The ZIP or other postal code of the address.</postal></cntaddr><cntvoice>REQUIRED: The telephone number by which individuals can speak to the organization or individual.</cntvoice></cntinfo></metc><metd Sync="TRUE">20090727</metd></metainfo><mdLang><languageCode Sync="TRUE" value="en"/></mdLang><mdStanName Sync="TRUE">ISO 19115 Geographic Information - Metadata</mdStanName><mdStanVer Sync="TRUE">DIS_ESRI1.0</mdStanVer><mdChar><CharSetCd Sync="TRUE" value="004"/></mdChar><mdHrLv><ScopeCd Sync="TRUE" value="005"/></mdHrLv><mdHrLvName Sync="TRUE">dataset</mdHrLvName><distinfo><resdesc Sync="TRUE">Downloadable Data</resdesc></distinfo><distInfo><distributor><distorTran><onLineSrc><orDesc Sync="TRUE">002</orDesc><linkage Sync="TRUE">Server=heartbreakhotel; Service=5151/tcp; Database=CarrboroGDB; Version=dbo.DEFAULT</linkage><protocol Sync="TRUE">ArcSDE Connection</protocol></onLineSrc></distorTran><distorFormat><formatName Sync="TRUE">SDE Feature Class</formatName></distorFormat></distributor></distInfo><spdoinfo><direct Sync="TRUE">Vector</direct><ptvctinf><esriterm Name="CarrboroGDB.DBO.CarrStreams"><efeatyp Sync="TRUE">Simple</efeatyp><efeageom Sync="TRUE">Polyline</efeageom><esritopo Sync="TRUE">FALSE</esritopo><efeacnt Sync="TRUE">0</efeacnt><spindex Sync="TRUE">TRUE</spindex><linrefer Sync="TRUE">TRUE</linrefer></esriterm><sdtsterm Name="CarrboroGDB.DBO.CarrStreams"><sdtstype Sync="TRUE">String</sdtstype><ptvctcnt Sync="TRUE">0</ptvctcnt></sdtsterm></ptvctinf></spdoinfo><spref><horizsys><cordsysn><geogcsn Sync="TRUE">GCS_North_American_1983</geogcsn><projcsn Sync="TRUE">NAD_1983_StatePlane_North_Carolina_FIPS_3200_Feet</projcsn></cordsysn><planar><mapproj><mapprojn Sync="TRUE">Lambert Conformal Conic</mapprojn><lambertc><stdparll Sync="TRUE">34.333333</stdparll><stdparll Sync="TRUE">36.166667</stdparll><longcm Sync="TRUE">-79.000000</longcm><latprjo Sync="TRUE">33.750000</latprjo><feast Sync="TRUE">2000000.002617</feast><fnorth Sync="TRUE">0.000000</fnorth></lambertc></mapproj><planci><plance Sync="TRUE">coordinate pair</plance><plandu Sync="TRUE">survey feet</plandu><coordrep><absres Sync="TRUE">0.000328</absres><ordres Sync="TRUE">0.000328</ordres></coordrep></planci></planar><geodetic><horizdn Sync="TRUE">North American Datum of 1983</horizdn><ellips Sync="TRUE">Geodetic Reference System 80</ellips><semiaxis Sync="TRUE">6378137.000000</semiaxis><denflat Sync="TRUE">298.257222</denflat></geodetic></horizsys><vertdef><altsys><altenc Sync="TRUE">Explicit elevation coordinate included with horizontal coordinates</altenc><altres Sync="TRUE">1.000000</altres></altsys></vertdef></spref><refSysInfo><RefSystem><refSysID><identCode Sync="TRUE">NAD_1983_StatePlane_North_Carolina_FIPS_3200_Feet</identCode></refSysID></RefSystem></refSysInfo><spatRepInfo><VectSpatRep><topLvl><TopoLevCd Sync="TRUE" value="001"/></topLvl><geometObjs Name="CarrboroGDB.DBO.CarrStreams"><geoObjTyp><GeoObjTypCd Sync="TRUE" value="001"/></geoObjTyp><geoObjCnt Sync="TRUE">0</geoObjCnt></geometObjs></VectSpatRep></spatRepInfo><eainfo><detailed Name="CarrboroGDB.DBO.CarrStreams"><enttyp><enttypl Sync="TRUE">CarrboroGDB.DBO.CarrStreams</enttypl><enttypt Sync="TRUE">Feature Class</enttypt><enttypc Sync="TRUE">0</enttypc></enttyp><attr><attrlabl Sync="TRUE">OBJECTID</attrlabl><attalias Sync="TRUE">OBJECTID</attalias><attrtype Sync="TRUE">OID</attrtype><attwidth Sync="TRUE">4</attwidth><atprecis Sync="TRUE">10</atprecis><attscale Sync="TRUE">0</attscale><attrdef Sync="TRUE">Internal feature number.</attrdef><attrdefs Sync="TRUE">ESRI</attrdefs><attrdomv><udom Sync="TRUE">Sequential unique whole numbers that are automatically generated.</udom></attrdomv></attr><attr><attrlabl Sync="TRUE">STREAMEDIT_</attrlabl><attalias Sync="TRUE">STREAMEDIT_</attalias><attrtype Sync="TRUE">Integer</attrtype><attwidth Sync="TRUE">4</attwidth><atprecis Sync="TRUE">10</atprecis><attscale Sync="TRUE">0</attscale></attr><attr><attrlabl Sync="TRUE">STREAMEDIT_ID</attrlabl><attalias Sync="TRUE">STREAMEDIT_ID</attalias><attrtype Sync="TRUE">Integer</attrtype><attwidth Sync="TRUE">4</attwidth><atprecis Sync="TRUE">10</atprecis><attscale Sync="TRUE">0</attscale></attr><attr><attrlabl Sync="TRUE">NAME</attrlabl><attalias Sync="TRUE">NAME</attalias><attrtype Sync="TRUE">String</attrtype><attwidth Sync="TRUE">50</attwidth><atprecis Sync="TRUE">0</atprecis><attscale Sync="TRUE">0</attscale></attr><attr><attrlabl Sync="TRUE">BASIN</attrlabl><attalias Sync="TRUE">BASIN</attalias><attrtype Sync="TRUE">String</attrtype><attwidth Sync="TRUE">10</attwidth><atprecis Sync="TRUE">0</atprecis><attscale Sync="TRUE">0</attscale></attr><attr><attrlabl Sync="TRUE">DURATION</attrlabl><attalias Sync="TRUE">DURATION</attalias><attrtype Sync="TRUE">String</attrtype><attwidth Sync="TRUE">2</attwidth><atprecis Sync="TRUE">0</atprecis><attscale Sync="TRUE">0</attscale></attr><attr><attrlabl Sync="TRUE">JURIS</attrlabl><attalias Sync="TRUE">JURIS</attalias><attrtype Sync="TRUE">String</attrtype><attwidth Sync="TRUE">3</attwidth><atprecis Sync="TRUE">0</atprecis><attscale Sync="TRUE">0</attscale></attr><attr><attrlabl Sync="TRUE">SS</attrlabl><attalias Sync="TRUE">SS</attalias><attrtype Sync="TRUE">Double</attrtype><attwidth Sync="TRUE">8</attwidth><atprecis Sync="TRUE">38</atprecis><attscale Sync="TRUE">8</attscale></attr><attr><attrlabl Sync="TRUE">DRAINAREA</attrlabl><attalias Sync="TRUE">DRAINAREA</attalias><attrtype Sync="TRUE">String</attrtype><attwidth Sync="TRUE">6</attwidth><atprecis Sync="TRUE">0</atprecis><attscale Sync="TRUE">0</attscale></attr><attr><attrlabl Sync="TRUE">TYPE</attrlabl><attalias Sync="TRUE">TYPE</attalias><attrtype Sync="TRUE">String</attrtype><attwidth Sync="TRUE">1</attwidth><atprecis Sync="TRUE">0</atprecis><attscale Sync="TRUE">0</attscale></attr><attr><attrlabl Sync="TRUE">CHECK_</attrlabl><attalias Sync="TRUE">CHECK_</attalias><attrtype Sync="TRUE">Integer</attrtype><attwidth Sync="TRUE">4</attwidth><atprecis Sync="TRUE">10</atprecis><attscale Sync="TRUE">0</attscale></attr><attr><attrlabl Sync="TRUE">DRAINAGE</attrlabl><attalias Sync="TRUE">DRAINAGE</attalias><attrtype Sync="TRUE">SmallInteger</attrtype><attwidth Sync="TRUE">2</attwidth><atprecis Sync="TRUE">5</atprecis><attscale Sync="TRUE">0</attscale></attr><attr><attrlabl Sync="TRUE">ZONE1</attrlabl><attalias Sync="TRUE">ZONE1</attalias><attrtype Sync="TRUE">SmallInteger</attrtype><attwidth Sync="TRUE">2</attwidth><atprecis Sync="TRUE">5</atprecis><attscale Sync="TRUE">0</attscale></attr><attr><attrlabl Sync="TRUE">ZONE2</attrlabl><attalias Sync="TRUE">ZONE2</attalias><attrtype Sync="TRUE">SmallInteger</attrtype><attwidth Sync="TRUE">2</attwidth><atprecis Sync="TRUE">5</atprecis><attscale Sync="TRUE">0</attscale></attr><attr><attrlabl Sync="TRUE">TOTALBUF</attrlabl><attalias Sync="TRUE">TOTALBUF</attalias><attrtype Sync="TRUE">SmallInteger</attrtype><attwidth Sync="TRUE">2</attwidth><atprecis Sync="TRUE">5</atprecis><attscale Sync="TRUE">0</attscale></attr><attr><attrlabl Sync="TRUE">Shape</attrlabl><attalias Sync="TRUE">Shape</attalias><attrtype Sync="TRUE">Geometry</attrtype><attwidth Sync="TRUE">4</attwidth><atprecis Sync="TRUE">0</atprecis><attscale Sync="TRUE">0</attscale><attrdef Sync="TRUE">Feature geometry.</attrdef><attrdefs Sync="TRUE">ESRI</attrdefs><attrdomv><udom Sync="TRUE">Coordinates defining the features.</udom></attrdomv></attr><attr><attrlabl Sync="TRUE">Shape.len</attrlabl><attalias Sync="TRUE">Shape.len</attalias><attrtype Sync="TRUE">Double</attrtype><attwidth Sync="TRUE">0</attwidth><atprecis Sync="TRUE">0</atprecis><attscale Sync="TRUE">0</attscale></attr></detailed></eainfo><mdDateSt Sync="TRUE">20090727</mdDateSt></metadata>
