<?xml version="1.0" encoding="UTF-8"?>
<metadata xml:lang="en"><Esri><CreaDate>20200817</CreaDate><CreaTime>15095000</CreaTime><SyncOnce>FALSE</SyncOnce><SyncDate>20090729</SyncDate><SyncTime>09450100</SyncTime><ModDate>20090729</ModDate><ModTime>09450100</ModTime><DataProperties><lineage><Process Name="FeatureClassToFeatureClass_5" ToolSource="C:\Program Files\ArcGIS\ArcToolbox\Toolboxes\Conversion Tools.tbx\FeatureClassToFeatureClass" Date="20080108" Time="141438">FeatureClassToFeatureClass P:\GIS\shapes\hydro\lake.shp "Database Connections\Connection to CarrboroGDB.sde\CarrboroGDB.DBO.Hydro" WaterBody # "AREA AREA true false false 18 Double 5 17 ,First,#,P:\GIS\shapes\hydro\lake.shp,AREA,-1,-1;PERIMETER PERIMETER true false false 18 Double 5 17 ,First,#,P:\GIS\shapes\hydro\lake.shp,PERIMETER,-1,-1;FCODE FCODE true false false 11 Double 0 11 ,First,#,P:\GIS\shapes\hydro\lake.shp,FCODE,-1,-1;DESCRIPTIO DESCRIPTIO true false false 50 Text 0 0 ,First,#,P:\GIS\shapes\hydro\lake.shp,DESCRIPTIO,-1,-1;NAME NAME true false false 50 Text 0 0 ,First,#,P:\GIS\shapes\hydro\lake.shp,NAME,-1,-1" # "Database Connections\Connection to CarrboroGDB.sde\CarrboroGDB.DBO.Hydro\CarrboroGDB.DBO.WaterBody"</Process><Process ToolSource="C:\Program Files\ArcGIS\ArcToolbox\Toolboxes\Data Management Tools.tbx\AddField" Date="20081015" Time="072504">AddField Hydrology\CarrboroGDB.DBO.WaterBody Buffer SHORT # # # # NULLABLE NON_REQUIRED # Hydrology\CarrboroGDB.DBO.WaterBody</Process><Process ToolSource="C:\Program Files\ArcGIS\ArcToolbox\Toolboxes\Data Management Tools.tbx\AddField" Date="20090417" Time="072209">AddField "Database Connections\Connection to CarrboroGDB.sde\CarrboroGDB.DBO.Hydro\CarrboroGDB.DBO.WaterBody" StreamType SHORT # # # # NULLABLE NON_REQUIRED CarrWaterBody "Database Connections\Connection to CarrboroGDB.sde\CarrboroGDB.DBO.Hydro\CarrboroGDB.DBO.WaterBody"</Process><Process ToolSource="C:\Program Files\ArcGIS\ArcToolbox\Toolboxes\Data Management Tools.tbx\AssignDomainToField" Date="20090417" Time="072338">AssignDomainToField "Database Connections\Connection to CarrboroGDB.sde\CarrboroGDB.DBO.Hydro\CarrboroGDB.DBO.WaterBody" StreamType CarrWaterBodyType # "Database Connections\Connection to CarrboroGDB.sde\CarrboroGDB.DBO.Hydro\CarrboroGDB.DBO.WaterBody"</Process><Process ToolSource="C:\Program Files\ArcGIS\ArcToolbox\Toolboxes\Data Management Tools.tbx\AddField" Date="20090417" Time="090845">AddField "Database Connections\Connection to CarrboroGDB.sde\CarrboroGDB.DBO.Hydro\CarrboroGDB.DBO.WaterBody" Zone1 SHORT # # # # NULLABLE NON_REQUIRED # "Database Connections\Connection to CarrboroGDB.sde\CarrboroGDB.DBO.Hydro\CarrboroGDB.DBO.WaterBody"</Process><Process ToolSource="C:\Program Files\ArcGIS\ArcToolbox\Toolboxes\Data Management Tools.tbx\AddField" Date="20090417" Time="090902">AddField "Database Connections\Connection to CarrboroGDB.sde\CarrboroGDB.DBO.Hydro\CarrboroGDB.DBO.WaterBody" Zone2 SHORT # # # # NULLABLE NON_REQUIRED # "Database Connections\Connection to CarrboroGDB.sde\CarrboroGDB.DBO.Hydro\CarrboroGDB.DBO.WaterBody"</Process><Process ToolSource="C:\Program Files\ArcGIS\ArcToolbox\Toolboxes\Data Management Tools.tbx\AddField" Date="20090417" Time="090928">AddField "Database Connections\Connection to CarrboroGDB.sde\CarrboroGDB.DBO.Hydro\CarrboroGDB.DBO.WaterBody" TotalBuf SHORT # # # # NULLABLE NON_REQUIRED # "Database Connections\Connection to CarrboroGDB.sde\CarrboroGDB.DBO.Hydro\CarrboroGDB.DBO.WaterBody"</Process><Process ToolSource="C:\Program Files\ArcGIS\ArcToolbox\Toolboxes\Data Management Tools.tbx\AddField" Date="20090422" Time="072603">AddField "Database Connections\Connection to CarrboroGDB.sde\CarrboroGDB.DBO.Hydro\CarrboroGDB.DBO.WaterBody" Juris SHORT # # # # NULLABLE NON_REQUIRED # "Database Connections\Connection to CarrboroGDB.sde\CarrboroGDB.DBO.Hydro\CarrboroGDB.DBO.WaterBody"</Process><Process ToolSource="C:\Program Files\ArcGIS\ArcToolbox\Toolboxes\Data Management Tools.tbx\CalculateField" Date="20090422" Time="072643">CalculateField "Database Connections\Connection to CarrboroGDB.sde\CarrboroGDB.DBO.Hydro\CarrboroGDB.DBO.WaterBody" Juris [CarrboroGDB.DBO.WaterBody.AREA] VB # "Database Connections\Connection to CarrboroGDB.sde\CarrboroGDB.DBO.Hydro\CarrboroGDB.DBO.WaterBody"</Process><Process ToolSource="C:\Program Files\ArcGIS\ArcToolbox\Toolboxes\Data Management Tools.tbx\DeleteField" Date="20090422" Time="072744">DeleteField "Database Connections\Connection to CarrboroGDB.sde\CarrboroGDB.DBO.Hydro\CarrboroGDB.DBO.WaterBody" CarrboroGDB.DBO.WaterBody.AREA;PERIMETER;Buffer "Database Connections\Connection to CarrboroGDB.sde\CarrboroGDB.DBO.Hydro\CarrboroGDB.DBO.WaterBody"</Process><Process ToolSource="C:\Program Files\ArcGIS\ArcToolbox\Toolboxes\Conversion Tools.tbx\FeatureClassToFeatureClass" Date="20090729" Time="094503">FeatureClassToFeatureClass "Database Connections\Connection to CarrboroGDB.sde\CarrboroGDB.DBO.HydroEdit\CarrboroGDB.DBO.WaterBody" "Database Connections\Connection to CarrboroGDB.sde\CarrboroGDB.DBO.Streams" Waterbodies # "FCODE 'FCODE' true true false 8 Double 0 11 ,First,#,Database Connections\Connection to CarrboroGDB.sde\CarrboroGDB.DBO.HydroEdit\CarrboroGDB.DBO.WaterBody,FCODE,-1,-1;DESCRIPTIO 'DESCRIPTIO' true true false 50 Text 0 0 ,First,#,Database Connections\Connection to CarrboroGDB.sde\CarrboroGDB.DBO.HydroEdit\CarrboroGDB.DBO.WaterBody,DESCRIPTIO,-1,-1;NAME 'NAME' true true false 50 Text 0 0 ,First,#,Database Connections\Connection to CarrboroGDB.sde\CarrboroGDB.DBO.HydroEdit\CarrboroGDB.DBO.WaterBody,NAME,-1,-1;StreamType 'StreamType' true true false 2 Short 0 5 ,First,#,Database Connections\Connection to CarrboroGDB.sde\CarrboroGDB.DBO.HydroEdit\CarrboroGDB.DBO.WaterBody,StreamType,-1,-1;Zone1 'Zone1' true true false 2 Short 0 5 ,First,#,Database Connections\Connection to CarrboroGDB.sde\CarrboroGDB.DBO.HydroEdit\CarrboroGDB.DBO.WaterBody,Zone1,-1,-1;Zone2 'Zone2' true true false 2 Short 0 5 ,First,#,Database Connections\Connection to CarrboroGDB.sde\CarrboroGDB.DBO.HydroEdit\CarrboroGDB.DBO.WaterBody,Zone2,-1,-1;TotalBuf 'TotalBuf' true true false 2 Short 0 5 ,First,#,Database Connections\Connection to CarrboroGDB.sde\CarrboroGDB.DBO.HydroEdit\CarrboroGDB.DBO.WaterBody,TotalBuf,-1,-1;Juris 'Juris' true true false 2 Short 0 5 ,First,#,Database Connections\Connection to CarrboroGDB.sde\CarrboroGDB.DBO.HydroEdit\CarrboroGDB.DBO.WaterBody,Juris,-1,-1;Shape_area 'Shape_area' false false true 0 Double 0 0 ,First,#,Database Connections\Connection to CarrboroGDB.sde\CarrboroGDB.DBO.HydroEdit\CarrboroGDB.DBO.WaterBody,Shape.area,-1,-1;Shape_len 'Shape_len' false false true 0 Double 0 0 ,First,#,Database Connections\Connection to CarrboroGDB.sde\CarrboroGDB.DBO.HydroEdit\CarrboroGDB.DBO.WaterBody,Shape.len,-1,-1" # "Database Connections\Connection to CarrboroGDB.sde\CarrboroGDB.DBO.Streams\CarrboroGDB.DBO.Waterbodies"</Process><Process ToolSource="C:\Program Files\ArcGIS\ArcToolbox\Toolboxes\Data Management Tools.tbx\AssignDomainToField" Date="20090729" Time="151849">AssignDomainToField "Database Connections\Connection to CarrboroGDB.sde\CarrboroGDB.DBO.Streams\CarrboroGDB.DBO.WaterBody" StreamType CarrWaterBodyType # "Database Connections\Connection to CarrboroGDB.sde\CarrboroGDB.DBO.Streams\CarrboroGDB.DBO.WaterBody"</Process><Process ToolSource="c:\program files (x86)\arcgis\desktop10.2\ArcToolbox\Toolboxes\Data Management Tools.tbx\CalculateField" Date="20140523" Time="130548">CalculateField "SDE Streams\CarrboroGDB.DBO.WaterBody" WTRTYPE "Swamp or Marsh" VB #</Process><Process ToolSource="c:\program files (x86)\arcgis\desktop10.2\ArcToolbox\Toolboxes\Data Management Tools.tbx\CalculateField" Date="20140523" Time="135527">CalculateField "SDE Streams\CarrboroGDB.DBO.WaterBody" WTRTYPE "Lake or Pond" VB #</Process><Process ToolSource="c:\program files (x86)\arcgis\desktop10.2\ArcToolbox\Toolboxes\Data Management Tools.tbx\CalculateField" Date="20140523" Time="135602">CalculateField "SDE Streams\CarrboroGDB.DBO.WaterBody" WTRTYPE "Lake or Pond-Intermittent" VB #</Process><Process ToolSource="c:\program files (x86)\arcgis\desktop10.2\ArcToolbox\Toolboxes\Data Management Tools.tbx\CalculateField" Date="20140523" Time="135655">CalculateField "SDE Streams\CarrboroGDB.DBO.WaterBody" WTRTYPE "Stream or River" VB #</Process><Process ToolSource="c:\program files (x86)\arcgis\desktop10.5\ArcToolbox\Toolboxes\Data Management Tools.tbx\CalculateField" Date="20180802" Time="120528">CalculateField "Stream Buffer (CarrboroGDB)\Hydrology\Water Bodies" WATERAREA [Shape.area]/43560 VB #</Process><Process ToolSource="c:\program files (x86)\arcgis\desktop10.5\ArcToolbox\Toolboxes\Data Management Tools.tbx\CalculateField" Date="20180802" Time="120551">CalculateField "Stream Buffer (CarrboroGDB)\Hydrology\Water Bodies" WATERAREA [Shape.area]/43560 VB #</Process><Process ToolSource="c:\program files (x86)\arcgis\desktop10.5\ArcToolbox\Toolboxes\Data Management Tools.tbx\CalculateField" Date="20191001" Time="114101">CalculateField "Stream Buffer (CarrboroGDB)\Lakes, Ponds, and Creeks" WTRTYPE [DESCRIPTIO] VB #</Process><Process ToolSource="c:\program files (x86)\arcgis\desktop10.5\ArcToolbox\Toolboxes\Data Management Tools.tbx\CalculateField" Date="20191001" Time="114346">CalculateField "Stream Buffer (CarrboroGDB)\Lakes, Ponds, and Creeks" WTRTYPE [DESCRIPTIO] VB #</Process></lineage></DataProperties><ArcGISFormat>1.0</ArcGISFormat></Esri><idinfo><native Sync="TRUE">Microsoft Windows XP Version 5.1 (Build 2600) Service Pack 3; ESRI ArcCatalog 9.3.1.3000</native><descript><langdata Sync="TRUE">en</langdata><abstract>REQUIRED: A brief narrative summary of the data set.</abstract><purpose>REQUIRED: A summary of the intentions with which the data set was developed.</purpose></descript><citation><citeinfo><origin>REQUIRED: The name of an organization or individual that developed the data set.</origin><pubdate>REQUIRED: The date when the data set is published or otherwise made available for release.</pubdate><title Sync="TRUE">CarrboroGDB.DBO.Waterbodies</title><ftname Sync="TRUE">CarrboroGDB.DBO.Waterbodies</ftname><geoform Sync="TRUE">vector digital data</geoform><onlink Sync="TRUE">Server=heartbreakhotel; Service=5151/tcp; Database=CarrboroGDB; Version=dbo.DEFAULT</onlink></citeinfo></citation><timeperd><current>REQUIRED: The basis on which the time period of content information is determined.</current><timeinfo><sngdate><caldate>REQUIRED: The year (and optionally month, or month and day) for which the data set corresponds to the ground.</caldate></sngdate></timeinfo></timeperd><status><progress>REQUIRED: The state of the data set.</progress><update>REQUIRED: The frequency with which changes and additions are made to the data set after the initial data set is completed.</update></status><spdom><bounding><westbc Sync="TRUE">-79.145633</westbc><eastbc Sync="TRUE">-78.991551</eastbc><northbc Sync="TRUE">35.975555</northbc><southbc Sync="TRUE">35.860895</southbc></bounding><lboundng><leftbc Sync="TRUE">1956908.787523</leftbc><rightbc Sync="TRUE">2002500.000000</rightbc><bottombc Sync="TRUE">768293.890820</bottombc><topbc Sync="TRUE">810000.000000</topbc></lboundng></spdom><keywords><theme><themekt>REQUIRED: Reference to a formally registered thesaurus or a similar authoritative source of theme keywords.</themekt><themekey>REQUIRED: Common-use word or phrase used to describe the subject of the data set.</themekey></theme></keywords><accconst>REQUIRED: Restrictions and legal prerequisites for accessing the data set.</accconst><useconst>REQUIRED: Restrictions and legal prerequisites for using the data set after access is granted.</useconst><natvform Sync="TRUE">SDE Feature Class</natvform></idinfo><dataIdInfo><envirDesc Sync="TRUE">Microsoft Windows XP Version 5.1 (Build 2600) Service Pack 3; ESRI ArcCatalog 9.3.1.3000</envirDesc><dataLang><languageCode Sync="TRUE" value="en"/></dataLang><idCitation><resTitle Sync="TRUE">CarrboroGDB.DBO.Waterbodies</resTitle><presForm><PresFormCd Sync="TRUE" value="005"/></presForm></idCitation><spatRpType><SpatRepTypCd Sync="TRUE" value="001"/></spatRpType><dataExt><geoEle><GeoBndBox esriExtentType="native"><westBL Sync="TRUE">1956908.787523</westBL><eastBL Sync="TRUE">2002500</eastBL><northBL Sync="TRUE">810000</northBL><southBL Sync="TRUE">768293.89082</southBL><exTypeCode Sync="TRUE">1</exTypeCode></GeoBndBox></geoEle></dataExt><geoBox esriExtentType="decdegrees"><westBL Sync="TRUE">-79.145633</westBL><eastBL Sync="TRUE">-78.991551</eastBL><northBL Sync="TRUE">35.975555</northBL><southBL Sync="TRUE">35.860895</southBL><exTypeCode Sync="TRUE">1</exTypeCode></geoBox></dataIdInfo><metainfo><langmeta Sync="TRUE">en</langmeta><metstdn Sync="TRUE">FGDC Content Standards for Digital Geospatial Metadata</metstdn><metstdv Sync="TRUE">FGDC-STD-001-1998</metstdv><mettc Sync="TRUE">local time</mettc><metc><cntinfo><cntorgp><cntper>REQUIRED: The person responsible for the metadata information.</cntper><cntorg>REQUIRED: The organization responsible for the metadata information.</cntorg></cntorgp><cntaddr><addrtype>REQUIRED: The mailing and/or physical address for the organization or individual.</addrtype><city>REQUIRED: The city of the address.</city><state>REQUIRED: The state or province of the address.</state><postal>REQUIRED: The ZIP or other postal code of the address.</postal></cntaddr><cntvoice>REQUIRED: The telephone number by which individuals can speak to the organization or individual.</cntvoice></cntinfo></metc><metd Sync="TRUE">20090729</metd><metextns><onlink Sync="TRUE">http://www.esri.com/metadata/esriprof80.html</onlink><metprof Sync="TRUE">ESRI Metadata Profile</metprof></metextns></metainfo><mdLang><languageCode Sync="TRUE" value="en"/></mdLang><mdStanName Sync="TRUE">ISO 19115 Geographic Information - Metadata</mdStanName><mdStanVer Sync="TRUE">DIS_ESRI1.0</mdStanVer><mdChar><CharSetCd Sync="TRUE" value="004"/></mdChar><mdHrLv><ScopeCd Sync="TRUE" value="005"/></mdHrLv><mdHrLvName Sync="TRUE">dataset</mdHrLvName><distinfo><resdesc Sync="TRUE">Downloadable Data</resdesc><stdorder><digform><digtinfo><transize Sync="TRUE">1.350</transize><dssize Sync="TRUE">1.350</dssize></digtinfo></digform></stdorder></distinfo><distInfo><distributor><distorTran><onLineSrc><orDesc Sync="TRUE">002</orDesc><linkage Sync="TRUE">Server=heartbreakhotel; Service=5151/tcp; Database=CarrboroGDB; Version=dbo.DEFAULT</linkage><protocol Sync="TRUE">ArcSDE Connection</protocol></onLineSrc><transSize Sync="TRUE">1.350</transSize></distorTran><distorFormat><formatName Sync="TRUE">SDE Feature Class</formatName></distorFormat></distributor></distInfo><spdoinfo><direct Sync="TRUE">Vector</direct><ptvctinf><esriterm Name="CarrboroGDB.DBO.Waterbodies"><efeatyp Sync="TRUE">Simple</efeatyp><efeageom Sync="TRUE">Polygon</efeageom><esritopo Sync="TRUE">FALSE</esritopo><efeacnt Sync="TRUE">0</efeacnt><spindex Sync="TRUE">TRUE</spindex><linrefer Sync="TRUE">FALSE</linrefer></esriterm><sdtsterm Name="CarrboroGDB.DBO.Waterbodies"><sdtstype Sync="TRUE">G-polygon</sdtstype><ptvctcnt Sync="TRUE">0</ptvctcnt></sdtsterm></ptvctinf></spdoinfo><spref><horizsys><cordsysn><geogcsn Sync="TRUE">GCS_North_American_1983</geogcsn><projcsn Sync="TRUE">NAD_1983_StatePlane_North_Carolina_FIPS_3200_Feet</projcsn></cordsysn><planar><planci><plance Sync="TRUE">coordinate pair</plance><plandu Sync="TRUE">survey feet</plandu><coordrep><absres Sync="TRUE">0.000328</absres><ordres Sync="TRUE">0.000328</ordres></coordrep></planci><mapproj><mapprojn Sync="TRUE">Lambert Conformal Conic</mapprojn><lambertc><stdparll Sync="TRUE">34.333333</stdparll><stdparll Sync="TRUE">36.166667</stdparll><longcm Sync="TRUE">-79.000000</longcm><latprjo Sync="TRUE">33.750000</latprjo><feast Sync="TRUE">2000000.002617</feast><fnorth Sync="TRUE">0.000000</fnorth></lambertc></mapproj></planar><geodetic><horizdn Sync="TRUE">North American Datum of 1983</horizdn><ellips Sync="TRUE">Geodetic Reference System 80</ellips><semiaxis Sync="TRUE">6378137.000000</semiaxis><denflat Sync="TRUE">298.257222</denflat></geodetic></horizsys><vertdef><altsys><altenc Sync="TRUE">Explicit elevation coordinate included with horizontal coordinates</altenc><altres Sync="TRUE">1.000000</altres></altsys></vertdef></spref><refSysInfo><RefSystem><refSysID><identCode Sync="TRUE">NAD_1983_StatePlane_North_Carolina_FIPS_3200_Feet</identCode></refSysID></RefSystem></refSysInfo><spatRepInfo><VectSpatRep><topLvl><TopoLevCd Sync="TRUE" value="001"/></topLvl><geometObjs Name="CarrboroGDB.DBO.Waterbodies"><geoObjTyp><GeoObjTypCd Sync="TRUE" value="001"/></geoObjTyp><geoObjCnt Sync="TRUE">0</geoObjCnt></geometObjs></VectSpatRep></spatRepInfo><eainfo><detailed Name="CarrboroGDB.DBO.Waterbodies"><enttyp><enttypl Sync="TRUE">CarrboroGDB.DBO.Waterbodies</enttypl><enttypt Sync="TRUE">Feature Class</enttypt><enttypc Sync="TRUE">0</enttypc></enttyp><attr><attrlabl Sync="TRUE">Shape</attrlabl><attalias Sync="TRUE">Shape</attalias><attrtype Sync="TRUE">Geometry</attrtype><attwidth Sync="TRUE">4</attwidth><atprecis Sync="TRUE">0</atprecis><attscale Sync="TRUE">0</attscale><attrdef Sync="TRUE">Feature geometry.</attrdef><attrdefs Sync="TRUE">ESRI</attrdefs><attrdomv><udom Sync="TRUE">Coordinates defining the features.</udom></attrdomv></attr><attr><attrlabl Sync="TRUE">FCODE</attrlabl><attalias Sync="TRUE">FCODE</attalias><attrtype Sync="TRUE">Double</attrtype><attwidth Sync="TRUE">8</attwidth><atprecis Sync="TRUE">11</atprecis><attscale Sync="TRUE">0</attscale></attr><attr><attrlabl Sync="TRUE">NAME</attrlabl><attalias Sync="TRUE">NAME</attalias><attrtype Sync="TRUE">String</attrtype><attwidth Sync="TRUE">50</attwidth><atprecis Sync="TRUE">0</atprecis><attscale Sync="TRUE">0</attscale></attr><attr><attrlabl Sync="TRUE">OBJECTID</attrlabl><attalias Sync="TRUE">OBJECTID</attalias><attrtype Sync="TRUE">OID</attrtype><attwidth Sync="TRUE">4</attwidth><atprecis Sync="TRUE">10</atprecis><attscale Sync="TRUE">0</attscale><attrdef Sync="TRUE">Internal feature number.</attrdef><attrdefs Sync="TRUE">ESRI</attrdefs><attrdomv><udom Sync="TRUE">Sequential unique whole numbers that are automatically generated.</udom></attrdomv></attr><attr><attrlabl Sync="TRUE">StreamType</attrlabl><attalias Sync="TRUE">StreamType</attalias><attrtype Sync="TRUE">SmallInteger</attrtype><attwidth Sync="TRUE">2</attwidth><atprecis Sync="TRUE">5</atprecis><attscale Sync="TRUE">0</attscale></attr><attr><attrlabl Sync="TRUE">Zone1</attrlabl><attalias Sync="TRUE">Zone1</attalias><attrtype Sync="TRUE">SmallInteger</attrtype><attwidth Sync="TRUE">2</attwidth><atprecis Sync="TRUE">5</atprecis><attscale Sync="TRUE">0</attscale></attr><attr><attrlabl Sync="TRUE">Zone2</attrlabl><attalias Sync="TRUE">Zone2</attalias><attrtype Sync="TRUE">SmallInteger</attrtype><attwidth Sync="TRUE">2</attwidth><atprecis Sync="TRUE">5</atprecis><attscale Sync="TRUE">0</attscale></attr><attr><attrlabl Sync="TRUE">TotalBuf</attrlabl><attalias Sync="TRUE">TotalBuf</attalias><attrtype Sync="TRUE">SmallInteger</attrtype><attwidth Sync="TRUE">2</attwidth><atprecis Sync="TRUE">5</atprecis><attscale Sync="TRUE">0</attscale></attr><attr><attrlabl Sync="TRUE">Juris</attrlabl><attalias Sync="TRUE">Juris</attalias><attrtype Sync="TRUE">SmallInteger</attrtype><attwidth Sync="TRUE">2</attwidth><atprecis Sync="TRUE">5</atprecis><attscale Sync="TRUE">0</attscale></attr><attr><attrlabl Sync="TRUE">DESCRIPTIO</attrlabl><attalias Sync="TRUE">DESCRIPTIO</attalias><attrtype Sync="TRUE">String</attrtype><attwidth Sync="TRUE">50</attwidth><atprecis Sync="TRUE">0</atprecis><attscale Sync="TRUE">0</attscale></attr><attr><attrlabl Sync="TRUE">Shape.area</attrlabl><attalias Sync="TRUE">Shape.area</attalias><attrtype Sync="TRUE">Double</attrtype><attwidth Sync="TRUE">0</attwidth><atprecis Sync="TRUE">0</atprecis><attscale Sync="TRUE">0</attscale></attr><attr><attrlabl Sync="TRUE">Shape.len</attrlabl><attalias Sync="TRUE">Shape.len</attalias><attrtype Sync="TRUE">Double</attrtype><attwidth Sync="TRUE">0</attwidth><atprecis Sync="TRUE">0</atprecis><attscale Sync="TRUE">0</attscale></attr></detailed></eainfo><mdDateSt Sync="TRUE">20090729</mdDateSt></metadata>
